{
    "T": 365,
    "n_exps": 20,
    "n_arms": 20,
    "num_customers": [
        20,
        40,
        10,
        30
    ],
    "step3": {
        "margins_1": [
            150.0,
            155.26315789473685,
            160.5263157894737,
            165.78947368421052,
            171.05263157894737,
            176.31578947368422,
            181.57894736842104,
            186.8421052631579,
            192.10526315789474,
            197.3684210526316,
            202.63157894736844,
            207.89473684210526,
            213.1578947368421,
            218.42105263157896,
            223.68421052631578,
            228.94736842105263,
            234.21052631578948,
            239.47368421052633,
            244.73684210526318,
            250.0
        ],
        "cr1": [
            [
                0.0,
                0.9231163463866356,
                0.0,
                0.9607894391523233
            ],
            [
                0.11687489975431783,
                0.7478698482676941,
                0.0422824509573621,
                0.864794685614854
            ],
            [
                0.2388379972040683,
                0.6058925422968126,
                0.09551046212501971,
                0.7783909957706426
            ],
            [
                0.3626428715836477,
                0.49086852967963557,
                0.16040800564056298,
                0.7006201036793304
            ],
            [
                0.48449666550803555,
                0.39768093615486416,
                0.2369391668082123,
                0.6306194860253402
            ],
            [
                0.6002341405682872,
                0.3221842864610317,
                0.3240751973369921,
                0.5676127962449681
            ],
            [
                0.7055431053867872,
                0.2610200917500898,
                0.4196313225499422,
                0.5109012544025409
            ],
            [
                0.7962254324008052,
                0.21146744630410688,
                0.5202197449359385,
                0.45985589732448456
            ],
            [
                0.86847225354383,
                0.17132198730967976,
                0.6213552558912772,
                0.4139106030408979
            ],
            [
                0.9191284592134905,
                0.138797833182932,
                0.7177295009380456,
                0.37255581217172284
            ],
            [
                0.9459210002239254,
                0.112448138145013,
                0.8036417583176113,
                0.3353328766241286
            ],
            [
                0.9476280010951257,
                0.09110072889693242,
                0.8735432119292557,
                0.30182897292495375
            ],
            [
                0.9241711610407403,
                0.07380596017383183,
                0.9226249061425363,
                0.27167252377417894
            ],
            [
                0.8766217096037295,
                0.059794469518944474,
                0.9473636505487044,
                0.24452907704186116
            ],
            [
                0.8071192859740253,
                0.04844295198695413,
                0.9459399913813467,
                0.22009759650426475
            ],
            [
                0.7187122986182405,
                0.03924643225519105,
                0.9184594089852784,
                0.19810712318135118
            ],
            [
                0.615136354880106,
                0.031795800660044504,
                0.8669393998026502,
                0.17831377024796627
            ],
            [
                0.5005531780428699,
                0.025759613843104604,
                0.7950646396020196,
                0.16049801819058268
            ],
            [
                0.37927535779034777,
                0.020869350403863604,
                0.70775148656108,
                0.14446228021135346
            ],
            [
                0.2555020705552711,
                0.01690746565270528,
                0.6105932780244924,
                0.1300287108784259
            ]
        ],
        "matching": [
            [
                8,
                5,
                4,
                3
            ],
            [
                16,
                6,
                10,
                8
            ],
            [
                2,
                3,
                3,
                2
            ],
            [
                14,
                6,
                5,
                5
            ]
        ],
        "margins_2": [
            29.99,
            24.99,
            20.99,
            10.99
        ],
        "cr2": [
            [
                0.2,
                0.4,
                0.3,
                0.3
            ],
            [
                0.0,
                0.2,
                0.3,
                0.5
            ],
            [
                0.1,
                0.5,
                0.3,
                0.1
            ],
            [
                0.1,
                0.1,
                0.1,
                0.7
            ]
        ],
        "opt": 10090.427831603633
    },
    "step4": {
        "sd_customers": [
            2,
            4,
            1,
            3
        ],
        "margins_1": [
            150.0,
            155.26315789473685,
            160.5263157894737,
            165.78947368421052,
            171.05263157894737,
            176.31578947368422,
            181.57894736842104,
            186.8421052631579,
            192.10526315789474,
            197.3684210526316,
            202.63157894736844,
            207.89473684210526,
            213.1578947368421,
            218.42105263157896,
            223.68421052631578,
            228.94736842105263,
            234.21052631578948,
            239.47368421052633,
            244.73684210526318,
            250.0
        ],