{
    "T": 365,
    "n_exps": 30,
    "n_arms": 10,
    "num_customers": [
        20,
        40,
        10,
        30
    ],
    "step3": {
        "margins_1": [
            150.0,
            161.11111111111111,
            172.22222222222223,
            183.33333333333331,
            194.44444444444446,
            205.55555555555554,
            216.66666666666666,
            227.77777777777777,
            238.88888888888889,
            250.0
        ],
        "cr1": [
            [
                0.0,
                0.9231163463866356,
                0.0,
                0.9607894391523233
            ],
            [
                0.2525683269442554,
                0.5918840975422234,
                0.10213819606443846,
                0.7693400402567278
            ],
            [
                0.5108959285626132,
                0.37950447556763595,
                0.2554443255728605,
                0.6160393457950847
            ],
            [
                0.7375944694577768,
                0.24333082705536327,
                0.45280247355629194,
                0.49328574584652585
            ],
            [
                0.8938093806058607,
                0.15601895420833975,
                0.6651116034075114,
                0.3949923470250275
            ],
            [
                0.9499982599730914,
                0.10003629366173866,
                0.8447843595220725,
                0.31628514612883524
            ],
            [
                0.8950369435448465,
                0.0641413096271266,
                0.941972928416349,
                0.25326134649236665
            ],
            [
                0.7398092843927789,
                0.04112614982112701,
                0.9267432095985977,
                0.2027958328495115
            ],
            [
                0.513694060369294,
                0.02636928071693872,
                0.8039110303035268,
                0.16238620851826896
            ],
            [
                0.2555020705552711,
                0.01690746565270528,
                0.6105932780244924,
                0.1300287108784259
            ]
        ],
        "matching": [
            [
                8,
                5,
                4,
                3
            ],
            [
                16,
                6,
                10,
                8
            ],
            [
                2,
                3,
                3,
                2
            ],
            [
                14,
                6,
                5,
                5
            ]
        ],
        "margins_2": [
            29.99,
            24.99,
            20.99,
            10.99
        ],
        "cr2": [
            [
                0.2,
                0.4,
                0.3,
                0.3
            ],
            [
                0.0,
                0.2,
                0.3,
                0.5
            ],
            [
                0.1,
                0.5,
                0.3,
                0.1
            ],
            [
                0.1,
                0.1,
                0.1,
                0.7
            ]
        ],
        "opt": 10090.427831603633
    },
    "step4": {
        "sd_customers": [
            2,
            4,
            1,
            3
        ],
        "margins_1": [
            150.0,
            161.11111111111111,
            172.22222222222223,
            183.33333333333331,
            194.44444444444446,
            205.55555555555554,
            216.66666666666666,
            227.77777777777777,
            238.88888888888889,
            250.0
        ],
        "cr1": [
            [
                0.0,
                0.9231163463866356,
                0.0,
                0.9607894391523233
            ],
            [
                0.2525683269442554,
                0.5918840975422234,
                0.10213819606443846,
                0.7693400402567278
            ],
            [
                0.5108959285626132,
                0.37950447556763595,
                0.2554443255728605,
                0.6160393457950847
            ],
            [
                0.7375944694577768,
                0.24333082705536327,
                0.45280247355629194,
                0.49328574584652585
            ],
            [
                0.8938093806058607,
                0.15601895420833975,
                0.6651116034075114,
                0.3949923470250275
            ],
            [
                0.9499982599730914,
                0.10003629366173866,
                0.8447843595220725,
                0.31628514612883524
            ],
            [
                0.8950369435448465,
                0.0641413096271266,
                0.941972928416349,
                0.25326134649236665
            ],
            [
                0.7398092843927789,
                0.04112614982112701,
                0.9267432095985977,
                0.2027958328495115
            ],
            [
                0.513694060369294,
                0.02636928071693872,
                0.8039110303035268,
                0.16238620851826896
            ],
            [
                0.2555020705552711,
                0.01690746565270528,
                0.6105932780244924,
                0.1300287108784259
            ]
        ],
        "promo_prob": [
            0.4,
            0.2,
            0.22,
            0.18
        ],
        "matching_prob": [
            [
                0.08,
                0.05,
                0.04,
                0.03
            ],
            [
                0.16,
                0.06,
                0.1,
                0.08
            ],
            [
                0.02,
                0.03,
                0.03,
                0.02
            ],
            [
                0.14,
                0.06,
                0.05,
                0.05
            ]
        ],
        "margins_2": [
            29.99,
            24.99,
            20.99,
            10.99
        ],
        "cr2": [
            [
                0.2,
                0.4,
                0.3,
                0.3
            ],
            [
                0.0,
                0.2,
                0.3,
                0.5
            ],
            [
                0.1,
                0.5,
                0.3,
                0.1
            ],
            [
                0.1,
                0.1,
                0.1,
                0.7
            ]
        ],
        "opt": 10090.427831603633
    },
    "step5": {
        "margin_1": 200,
        "cr1": [
            0.9356101823613864,
            0.12493021219858241,
            0.7623506160822777,
            0.35345468195878016
        ],
        "sd_customers": [
            2,
            4,
            1,
            3
        ],
        "promo_prob": [
            0.4,
            0.2,
            0.22,
            0.18
        ],
        "margins_2": [
            29.99,
            24.99,
            20.99,
            10.99
        ],
        "cr2": [
            [
                0.2,
                0.4,
                0.3,
                0.3
            ],
            [
                0.0,
                0.2,
                0.3,
                0.5
            ],
            [
                0.1,
                0.5,
                0.3,
                0.1
            ],
            [
                0.1,
                0.1,
                0.1,
                0.7
            ]
        ],
        "opt": 12949.930228483396
    }
}