{
    "T": 365,
    "n_exps": 1,
    "n_arms": 1,
    "num_customers": [
        20,
        40,
        10,
        30
    ],
    "step3": {
        "margins_1": [
            150.0
        ],
        "cr1": [
            [
                0.0,
                0.9231163463866356,
                0.0,
                0.9607894391523233
            ]
        ],
        "matching": [
            [
                8,
                5,
                4,
                3
            ],
            [
                16,
                6,
                10,
                8
            ],
            [
                2,
                3,
                3,
                2
            ],
            [
                14,
                6,
                5,
                5
            ]
        ],
        "margins_2": [
            29.99,
            24.99,
            20.99,
            10.99
        ],
        "cr2": [
            [
                0.2,
                0.4,
                0.3,
                0.3
            ],
            [
                0.0,
                0.2,
                0.3,
                0.5
            ],
            [
                0.1,
                0.5,
                0.3,
                0.1
            ],
            [
                0.1,
                0.1,
                0.1,
                0.7
            ]
        ],
        "opt": 10090.427831603633
    },
    "step4": {
        "sd_customers": [
            2,
            4,
            1,
            3
        ],
        "margins_1": [
            150.0
        ],
        "cr1": [
            [
                0.0,
                0.9231163463866356,
                0.0,
                0.9607894391523233
            ]
        ],
        "promo_prob": [
            0.4,
            0.2,
            0.22,
            0.18
        ],
        "matching_prob": [
            [
                0.08,
                0.05,
                0.04,
                0.03
            ],
            [
                0.16,
                0.06,
                0.1,
                0.08
            ],
            [
                0.02,
                0.03,
                0.03,
                0.02
            ],
            [
                0.14,
                0.06,
                0.05,
                0.05
            ]
        ],
        "margins_2": [
            29.99,
            24.99,
            20.99,
            10.99
        ],
        "cr2": [
            [
                0.2,
                0.4,
                0.3,
                0.3
            ],
            [
                0.0,
                0.2,
                0.3,
                0.5
            ],
            [
                0.1,
                0.5,
                0.3,
                0.1
            ],
            [
                0.1,
                0.1,
                0.1,
                0.7
            ]
        ],
        "opt": [
            32679.978264341516
        ]
    },
    "step5": {
        "sd_customers": [
            2,
            4,
            1,
            3
        ],
        "margin_1": 200,
        "cr1": [
            0.9356101823613864,
            0.12493021219858241,
            0.7623506160822777,
            0.35345468195878016
        ],
        "promo_prob": [
            0.4,
            0.2,
            0.22,
            0.18
        ],
        "margins_2": [
            29.99,
            24.99,
            20.99,
            10.99
        ],
        "cr2": [
            [
                0.2,
                0.4,
                0.3,
                0.3
            ],
            [
                0.0,
                0.2,
                0.3,
                0.5
            ],
            [
                0.1,
                0.5,
                0.3,
                0.1
            ],
            [
                0.1,
                0.1,
                0.1,
                0.7
            ]
        ],
        "opt": 6322.848385902228
    }
}